<?xml version="1.0" encoding="UTF-8"?>
<project-private xmlns="http://www.netbeans.org/ns/project-private/1">
    <editor-bookmarks xmlns="http://www.netbeans.org/ns/editor-bookmarks/2" lastBookmarkId="0"/>
    <open-files xmlns="http://www.netbeans.org/ns/projectui-open-files/2">
        <group>
            <file>file:/C:/Users/Alexis/Documents/NetBeansProjects/TestingHW/test/testinghw/ListDataTest.java</file>
            <file>file:/C:/Users/Alexis/Documents/NetBeansProjects/TestingHW/src/testinghw/ListData.java</file>
            <file>file:/C:/Users/Alexis/Documents/NetBeansProjects/TestingHW/src/testinghw/PiCalc.java</file>
            <file>file:/C:/Users/Alexis/Documents/NetBeansProjects/TestingHW/test/testinghw/PiCalcTest.java</file>
            <file>file:/C:/Users/Alexis/Documents/NetBeansProjects/TestingHW/src/testinghw/TestingHW.java</file>
        </group>
    </open-files>
</project-private>
